id;weight;product_id;dish_id
14;180.0;812;3
15;300.0;1304;3
16;300.0;133;3
17;70.0;3149;3
18;40.0;4869;3
19;20.0;1333;3
20;25.0;6428;3
21;1.25;783;3
22;-1;6369;3
23;-1;1239;3
24;180.0;812;3
25;300.0;1304;3
26;300.0;133;3
27;70.0;3149;3
28;40.0;4869;3
29;20.0;1333;3
30;25.0;6428;3
31;1.25;783;3
32;-1;6369;3
33;-1;1239;3
34;100.0;52540;5
35;5.0;946;5
36;15.0;784;5
37;5.0;1293;5
38;50.0;1621;5
39;10.0;6428;5
40;100.0;52540;5
41;5.0;946;5
42;15.0;784;5
43;5.0;1293;5
44;50.0;1621;5
45;10.0;6428;5
46;300.0;131;6
47;100.0;133;6
48;20.0;826;6
49;15.0;6428;6
50;5.0;786;6
51;-1;1266;6
52;15.0;1333;6
53;40.0;3144;6
54;20.0;1236;6
55;300.0;131;6
56;100.0;133;6
57;20.0;826;6
58;15.0;6428;6
59;5.0;786;6
60;-1;1266;6
61;15.0;1333;6
62;40.0;3144;6
63;20.0;1236;6
64;800.0;52537;7
65;80.0;3149;7
66;80.0;1369;7
67;-1;1266;7
68;-1;783;7
69;-1;821;7
70;800.0;52537;7
71;80.0;3149;7
72;80.0;1369;7
73;-1;1266;7
74;-1;783;7
75;-1;821;7
76;60.0;784;8
77;60.0;4680;8
78;60.0;4869;8
79;10.0;6428;8
80;-1;1266;8
81;60.0;784;8
82;60.0;4680;8
83;60.0;4869;8
84;10.0;6428;8
85;-1;1266;8
86;200.0;131;9
87;150.0;1368;9
88;150.0;129;9
89;150.0;52543;9
90;15.0;6428;9
91;50.0;1230;9
92;20.0;52544;9
93;-1;1266;9
94;-1;783;9
95;200.0;131;9
96;150.0;1368;9
97;150.0;129;9
98;150.0;52543;9
99;15.0;6428;9
100;50.0;1230;9
101;20.0;52544;9
102;-1;1266;9
103;-1;783;9
104;200.0;1079;10
105;50.0;52541;10
106;15.0;915;10
107;-1;783;10
108;-1;1266;10
109;200.0;1079;10
110;50.0;52541;10
111;15.0;915;10
112;-1;783;10
113;-1;1266;10
114;150.0;292;11
115;30.0;52542;11
116;30.0;52540;11
117;5.0;6428;11
118;-1;788;11
119;-1;1266;11
120;10.0;1175;11
121;50.0;52546;11
122;150.0;292;11
123;30.0;52542;11
124;30.0;52540;11
125;5.0;6428;11
126;-1;788;11
127;-1;1266;11
128;10.0;1175;11
129;50.0;52546;11
133;250.0;5168;14
134;62.5;1304;14
135;3.0;6230;14
136;15.0;6428;14
137;100.0;792;14
138;-1;1266;14
139;1.0;6369;14
140;3.0;1236;14
141;250.0;5168;14
142;62.5;1304;14
143;3.0;6230;14
144;15.0;6428;14
145;100.0;792;14
146;-1;1266;14
147;1.0;6369;14
148;3.0;1236;14
150;50.0;525;18
151;50.0;52546;18
152;10.0;6428;18
153;-1;1248;18
154;-1;783;18
155;-1;1266;18
156;50.0;525;18
157;50.0;52546;18
158;10.0;6428;18
159;-1;1248;18
160;-1;783;18
161;-1;1266;18
177;200.0;3149;22
178;50.0;52546;22
179;165.0;52547;22
180;1.5;1266;22
181;1.0;6230;22
182;200.0;3149;22
183;50.0;52546;22
184;165.0;52547;22
185;1.5;1266;22
186;1.0;6230;22
187;500.0;236;25
188;100.0;200;25
189;100.0;1368;25
190;100.0;923;25
191;45.0;4869;25
192;15.0;525;25
193;500.0;236;25
194;100.0;200;25
195;100.0;1368;25
196;100.0;923;25
197;45.0;4869;25
198;15.0;525;25
199;200.0;1079;26
200;50.0;52541;26
201;20.0;3149;26
202;-1;783;26
203;-1;1266;26
204;200.0;1079;26
205;50.0;52541;26
206;20.0;3149;26
207;-1;783;26
208;-1;1266;26
209;200.0;205;27
210;150.0;1179;27
211;50.0;784;27
212;30.0;812;27
213;30.0;52538;27
214;15.0;1175;27
215;15.0;817;27
216;200.0;205;27
217;150.0;1179;27
218;50.0;784;27
219;30.0;812;27
220;30.0;52538;27
221;15.0;1175;27
222;15.0;817;27
234;800.0;131;30
235;300.0;212;30
236;60.0;1304;30
237;2.5;783;30
238;15.0;806;30
239;20.0;4852;30
240;1.6500000000000001;777;30
241;1.6500000000000001;821;30
242;2.5;1266;30
243;5.0;1175;30
244;22.5;52537;30
245;15.0;6428;30
246;800.0;131;30
247;300.0;212;30
248;60.0;1304;30
249;2.5;783;30
250;15.0;806;30
251;20.0;4852;30
252;1.6500000000000001;777;30
253;1.6500000000000001;821;30
254;2.5;1266;30
255;5.0;1175;30
256;22.5;52537;30
257;15.0;6428;30
264;150.0;1617;33
265;150.0;923;33
266;30.0;1304;33
267;15.0;1175;33
268;5.0;817;33
269;5.0;3149;33
270;150.0;1617;33
271;150.0;923;33
272;30.0;1304;33
273;15.0;1175;33
274;5.0;817;33
275;5.0;3149;33
276;20.0;981;34
277;5.0;1447;34
278;50.0;3149;34
279;10.0;790;34
280;15.0;1333;34
281;30.0;1304;34
282;-1;1230;34
283;20.0;981;34
284;5.0;1447;34
285;50.0;3149;34
286;10.0;790;34
287;15.0;1333;34
288;30.0;1304;34
289;-1;1230;34
290;150.0;3149;35
291;40.0;981;35
292;30.0;1304;35
293;-1;1333;35
294;-1;1266;35
295;150.0;3149;35
296;40.0;981;35
297;30.0;1304;35
298;-1;1333;35
299;-1;1266;35
300;200.0;52542;37
301;10.0;6428;37
302;15.0;6369;37
303;2.5;1266;37
304;200.0;52542;37
305;10.0;6428;37
306;15.0;6369;37
307;2.5;1266;37
311;500.0;1304;41
312;5.5;1433;41
313;5.0;1266;41
314;5.0;1175;41
315;500.0;1369;41
316;5.0;52544;41
317;500.0;1304;41
318;5.5;1433;41
319;5.0;1266;41
320;5.0;1175;41
321;500.0;1369;41
322;5.0;52544;41
323;200.0;1369;42
324;30.0;1175;42
325;55.0;52547;42
326;200.0;52537;42
327;2.5;1266;42
328;45.0;525;42
329;2.5;1328;42
330;1.25;819;42
331;200.0;1369;42
332;30.0;1175;42
333;55.0;52547;42
334;200.0;52537;42
335;2.5;1266;42
336;45.0;525;42
337;2.5;1328;42
338;1.25;819;42
339;350.0;52537;43
340;5.0;1433;43
341;45.0;1175;43
342;1.5;1266;43
343;500.0;1369;43
344;15.0;52544;43
345;55.0;52547;43
346;350.0;52537;43
347;5.0;1433;43
348;45.0;1175;43
349;1.5;1266;43
350;500.0;1369;43
351;15.0;52544;43
352;55.0;52547;43
353;400.0;3149;44
354;165.0;52547;44
355;100.0;1175;44
356;1.0;1328;44
357;750.0;1369;44
358;800.0;1431;44
359;15.0;52544;44
360;400.0;3149;44
361;165.0;52547;44
362;100.0;1175;44
363;1.0;1328;44
364;750.0;1369;44
365;800.0;1431;44
366;15.0;52544;44
372;500.0;52537;46
373;110.0;52547;46
374;160.0;1369;46
375;30.0;1175;46
376;70.0;52544;46
377;2.5;1328;46
378;15.0;52537;46
379;-1;1266;46
380;500.0;52537;46
381;110.0;52547;46
382;160.0;1369;46
383;30.0;1175;46
384;70.0;52544;46
385;2.5;1328;46
386;15.0;52537;46
387;-1;1266;46
388;400.0;1088;47
389;55.0;52547;47
390;30.0;1175;47
391;-1;1266;47
392;5.0;1219;47
393;40.0;915;47
394;30.0;52544;47
395;400.0;1088;47
396;55.0;52547;47
397;30.0;1175;47
398;-1;1266;47
399;5.0;1219;47
400;40.0;915;47
401;30.0;52544;47
405;110.0;52547;49
406;30.0;1175;49
407;250.0;52547;49
408;250.0;1304;49
409;30.0;52544;49
410;250.0;1369;49
411;1.0;1266;49
412;1.0;1328;49
413;110.0;52547;49
414;30.0;1175;49
415;250.0;52547;49
416;250.0;1304;49
417;30.0;52544;49
418;250.0;1369;49
419;1.0;1266;49
420;1.0;1328;49
421;300.0;1369;50
422;50.0;1175;50
423;100.0;3149;50
424;2.5;1266;50
425;2.5;1328;50
426;400.0;1088;50
427;165.0;52547;50
428;100.0;1175;50
429;5.0;1219;50
430;300.0;1369;50
431;50.0;1175;50
432;100.0;3149;50
433;2.5;1266;50
434;2.5;1328;50
435;400.0;1088;50
436;165.0;52547;50
437;100.0;1175;50
438;5.0;1219;50
496;200.0;1369;62
497;50.0;1175;62
498;60.0;1176;62
499;30.0;4869;62
500;60.0;3149;62
501;5.0;777;62
502;5.0;1449;62
503;2.5;806;62
504;2.5;776;62
505;5.0;1328;62
506;75.0;1304;62
507;200.0;1369;62
508;50.0;1175;62
509;60.0;1176;62
510;30.0;4869;62
511;60.0;3149;62
512;5.0;777;62
513;5.0;1449;62
514;2.5;806;62
515;2.5;776;62
516;5.0;1328;62
517;75.0;1304;62
518;250.0;1369;63
519;110.0;52547;63
520;15.0;735;63
521;2.5;1266;63
522;250.0;52544;63
523;45.0;761;63
524;250.0;1369;63
525;110.0;52547;63
526;15.0;735;63
527;2.5;1266;63
528;250.0;52544;63
529;45.0;761;63
552;500.0;52547;70
553;110.0;52547;70
554;500.0;1369;70
555;30.0;1175;70
556;70.0;3149;70
557;5.0;1328;70
558;2.5;1266;70
559;500.0;52547;70
560;110.0;52547;70
561;500.0;1369;70
562;30.0;1175;70
563;70.0;3149;70
564;5.0;1328;70
565;2.5;1266;70
577;150.0;52547;73
578;200.0;1369;73
579;55.0;52547;73
580;2.5;1328;73
581;5.0;1175;73
582;2.5;1266;73
583;50.0;52544;73
584;150.0;52547;73
585;200.0;1369;73
586;55.0;52547;73
587;2.5;1328;73
588;5.0;1175;73
589;2.5;1266;73
590;50.0;52544;73
592;100.0;1369;75
593;80.0;1175;75
594;70.0;3149;75
595;55.0;52547;75
596;-1;805;75
597;100.0;1369;75
598;80.0;1175;75
599;70.0;3149;75
600;55.0;52547;75
601;-1;805;75
602;350.0;915;76
603;250.0;1304;76
604;55.0;52547;76
605;30.0;52544;76
606;2.0;1266;76
607;300.0;1802;76
608;200.0;133;76
609;2.0;1266;76
610;2.0;783;76
611;350.0;915;76
612;250.0;1304;76
613;55.0;52547;76
614;30.0;52544;76
615;2.0;1266;76
616;300.0;1802;76
617;200.0;133;76
618;2.0;1266;76
619;2.0;783;76
643;200.0;1088;79
644;150.0;3149;79
645;250.0;1369;79
646;125.0;1175;79
647;1.25;1328;79
648;200.0;1088;79
649;150.0;3149;79
650;250.0;1369;79
651;125.0;1175;79
652;1.25;1328;79
653;450.0;1369;80
654;250.0;52537;80
655;55.0;52547;80
656;45.0;1175;80
657;1.25;1266;80
658;90.0;3144;80
659;10.0;4685;80
660;125.0;1175;80
661;50.0;3149;80
662;450.0;1369;80
663;250.0;52537;80
664;55.0;52547;80
665;45.0;1175;80
666;1.25;1266;80
667;90.0;3144;80
668;10.0;4685;80
669;125.0;1175;80
670;50.0;3149;80
687;110.0;52547;84
688;40.0;1175;84
689;2.5;1266;84
690;150.0;52537;84
691;55.0;3149;84
692;5.0;1433;84
693;15.0;1219;84
694;350.0;915;84
695;40.0;1175;84
696;45.0;3149;84
697;20.0;915;84
698;55.0;52547;84
699;110.0;52547;84
700;40.0;1175;84
701;2.5;1266;84
702;150.0;52537;84
703;55.0;3149;84
704;5.0;1433;84
705;15.0;1219;84
706;350.0;915;84
707;40.0;1175;84
708;45.0;3149;84
709;20.0;915;84
710;55.0;52547;84
717;320.0;1369;87
718;250.0;1175;87
719;250.0;52547;87
720;200.0;3149;87
721;165.0;52547;87
722;15.0;762;87
723;15.0;1304;87
724;5.0;1328;87
725;320.0;1369;87
726;250.0;1175;87
727;250.0;52547;87
728;200.0;3149;87
729;165.0;52547;87
730;15.0;762;87
731;15.0;1304;87
732;5.0;1328;87
733;200.0;1304;88
734;5.0;1433;88
735;30.0;3149;88
736;45.0;52544;88
737;2.5;1266;88
738;10.0;1175;88
739;330.0;915;88
740;360.0;1088;88
741;55.0;52547;88
742;10.0;6369;88
743;1.5;1266;88
744;20.0;981;88
745;15.0;52544;88
746;15.0;1304;88
747;200.0;1304;88
748;5.0;1433;88
749;30.0;3149;88
750;45.0;52544;88
751;2.5;1266;88
752;10.0;1175;88
753;330.0;915;88
754;360.0;1088;88
755;55.0;52547;88
756;10.0;6369;88
757;1.5;1266;88
758;20.0;981;88
759;15.0;52544;88
760;15.0;1304;88
783;100.0;1369;93
784;100.0;1175;93
785;220.0;52547;93
786;30.0;761;93
787;100.0;1369;93
788;100.0;1175;93
789;220.0;52547;93
790;30.0;761;93
791;500.0;52537;94
792;700.0;1369;94
793;30.0;1175;94
794;2.5;1266;94
795;30.0;3144;94
796;11.0;1433;94
797;500.0;52537;94
798;700.0;1369;94
799;30.0;1175;94
800;2.5;1266;94
801;30.0;3144;94
802;11.0;1433;94
803;100.0;52537;95
804;500.0;1369;95
805;5.0;1433;95
806;27.5;52547;95
807;2.5;1175;95
808;0.25;1266;95
809;30.0;52544;95
810;100.0;52537;95
811;500.0;1369;95
812;5.0;1433;95
813;27.5;52547;95
814;2.5;1175;95
815;0.25;1266;95
816;30.0;52544;95
817;220.0;52547;96
818;100.0;1369;96
819;150.0;1175;96
820;5.0;1219;96
821;220.0;52547;96
822;100.0;1369;96
823;150.0;1175;96
824;5.0;1219;96
831;125.0;1369;98
832;75.0;3149;98
833;110.0;52547;98
834;2.5;1266;98
835;-1;786;98
836;125.0;1369;98
837;75.0;3149;98
838;110.0;52547;98
839;2.5;1266;98
840;-1;786;98
853;800.0;1688;101
854;50.0;52537;101
855;55.0;52547;101
856;60.0;1369;101
857;30.0;52544;101
858;-1;783;101
859;-1;1266;101
860;800.0;1688;101
861;50.0;52537;101
862;55.0;52547;101
863;60.0;1369;101
864;30.0;52544;101
865;-1;783;101
866;-1;1266;101
881;140.0;52537;104
882;7.0;762;104
883;80.0;52544;104
884;80.0;1369;104
885;15.0;1070;104
886;330.0;52547;104
887;110.0;1175;104
888;10.0;1219;104
889;5.0;1333;104
890;-1;1266;104
891;140.0;52537;104
892;7.0;762;104
893;80.0;52544;104
894;80.0;1369;104
895;15.0;1070;104
896;330.0;52547;104
897;110.0;1175;104
898;10.0;1219;104
899;5.0;1333;104
900;-1;1266;104
901;1000.0;915;105
902;375.0;1304;105
903;55.0;52547;105
904;30.0;52544;105
905;15.0;735;105
906;2.5;1266;105
907;2.5;1175;105
908;400.0;1802;105
909;100.0;133;105
910;-1;1266;105
911;-1;783;105
912;125.0;1304;105
913;1000.0;915;105
914;375.0;1304;105
915;55.0;52547;105
916;30.0;52544;105
917;15.0;735;105
918;2.5;1266;105
919;2.5;1175;105
920;400.0;1802;105
921;100.0;133;105
922;-1;1266;105
923;-1;783;105
924;125.0;1304;105
925;300.0;151;106
926;200.0;915;106
927;140.0;3149;106
928;100.0;1175;106
929;2.5;1328;106
930;-1;1266;106
931;60.0;52537;106
932;300.0;151;106
933;200.0;915;106
934;140.0;3149;106
935;100.0;1175;106
936;2.5;1328;106
937;-1;1266;106
938;60.0;52537;106
940;220.0;1304;108
941;4.0;1433;108
942;45.0;52544;108
943;20.0;1175;108
944;2.5;1266;108
945;-1;805;108
946;325.0;915;108
947;600.0;212;108
948;30.0;1175;108
949;55.0;52547;108
950;15.0;52537;108
951;220.0;1304;108
952;4.0;1433;108
953;45.0;52544;108
954;20.0;1175;108
955;2.5;1266;108
956;-1;805;108
957;325.0;915;108
958;600.0;212;108
959;30.0;1175;108
960;55.0;52547;108
961;15.0;52537;108
981;100;204;113
982;55.0;52547;113
983;45.0;1175;113
984;250.0;52537;113
985;180.0;1369;113
986;1.0;1328;113
987;30.0;1333;113
988;30.0;52544;113
989;100;204;113
990;55.0;52547;113
991;45.0;1175;113
992;250.0;52537;113
993;180.0;1369;113
994;1.0;1328;113
995;30.0;1333;113
996;30.0;52544;113
1016;400.0;1744;119
1017;55.0;52547;119
1018;60.0;1369;119
1019;-1;1266;119
1020;100.0;52544;119
1021;400.0;1744;119
1022;55.0;52547;119
1023;60.0;1369;119
1024;-1;1266;119
1025;100.0;52544;119
1031;500.0;52537;123
1032;165.0;52547;123
1033;200.0;1369;123
1034;30.0;52544;123
1035;30.0;1175;123
1036;2.5;1266;123
1037;500.0;52537;123
1038;165.0;52547;123
1039;200.0;1369;123
1040;30.0;52544;123
1041;30.0;1175;123
1042;2.5;1266;123
1053;350.0;1108;126
1054;380.0;915;126
1055;10.0;1433;126
1056;60.0;1348;126
1057;5.0;1266;126
1058;15.0;1175;126
1059;625.0;1304;126
1060;15.0;52544;126
1061;350.0;1108;126
1062;380.0;915;126
1063;10.0;1433;126
1064;60.0;1348;126
1065;5.0;1266;126
1066;15.0;1175;126
1067;625.0;1304;126
1068;15.0;52544;126
1069;110.0;52547;127
1070;60.0;1175;127
1071;6.0;1433;127
1072;2.5;1266;127
1073;75.0;3149;127
1074;200.0;52537;127
1075;15.0;1219;127
1076;5.0;52544;127
1077;490.0;915;127
1078;300.0;212;127
1079;45.0;1175;127
1080;40.0;3149;127
1081;3.75;1455;127
1082;27.5;52547;127
1083;0;52537;127
1084;110.0;52547;127
1085;60.0;1175;127
1086;6.0;1433;127
1087;2.5;1266;127
1088;75.0;3149;127
1089;200.0;52537;127
1090;15.0;1219;127
1091;5.0;52544;127
1092;490.0;915;127
1093;300.0;212;127
1094;45.0;1175;127
1095;40.0;3149;127
1096;3.75;1455;127
1097;27.5;52547;127
1098;0;52537;127
1119;240.0;1369;133
1120;280.0;52547;133
1121;55.0;52547;133
1122;30.0;1175;133
1123;5.0;1219;133
1124;-1;1266;133
1125;2.5;1328;133
1126;45.0;52544;133
1127;240.0;1369;133
1128;280.0;52547;133
1129;55.0;52547;133
1130;30.0;1175;133
1131;5.0;1219;133
1132;-1;1266;133
1133;2.5;1328;133
1134;45.0;52544;133
1145;625.0;915;135
1146;250.0;52537;135
1147;15.0;52544;135
1148;5.0;1433;135
1149;2.5;1175;135
1150;2.5;1266;135
1151;300.0;137;135
1152;100.0;133;135
1153;70.0;129;135
1154;-1;1266;135
1155;-1;783;135
1156;15.0;52544;135
1157;15.0;771;135
1158;625.0;915;135
1159;250.0;52537;135
1160;15.0;52544;135
1161;5.0;1433;135
1162;2.5;1175;135
1163;2.5;1266;135
1164;300.0;137;135
1165;100.0;133;135
1166;70.0;129;135
1167;-1;1266;135
1168;-1;783;135
1169;15.0;52544;135
1170;15.0;771;135
1178;350.0;1369;139
1179;250.0;1380;139
1180;55.0;52547;139
1181;15.0;52544;139
1182;2.5;1328;139
1183;2.5;1266;139
1184;400.0;1018;139
1185;55.0;52547;139
1186;100.0;1018;139
1187;20.0;981;139
1188;30.0;1380;139
1189;20.0;3149;139
1190;350.0;1369;139
1191;250.0;1380;139
1192;55.0;52547;139
1193;15.0;52544;139
1194;2.5;1328;139
1195;2.5;1266;139
1196;400.0;1018;139
1197;55.0;52547;139
1198;100.0;1018;139
1199;20.0;981;139
1200;30.0;1380;139
1201;20.0;3149;139
1202;250.0;52547;140
1203;160.0;1369;140
1204;200.0;212;140
1205;110.0;52547;140
1206;30.0;1175;140
1207;2.5;1328;140
1208;2.0;1266;140
1209;250.0;52547;140
1210;160.0;1369;140
1211;200.0;212;140
1212;110.0;52547;140
1213;30.0;1175;140
1214;2.5;1328;140
1215;2.0;1266;140
1216;500.0;1369;141
1217;55.0;52547;141
1218;30.0;52544;141
1219;100.0;1304;141
1220;-1;1266;141
1221;1000.0;212;141
1222;100.0;244;141
1223;80.0;268;141
1224;40.0;1175;141
1225;45.0;1333;141
1226;5.0;1455;141
1227;80.0;3149;141
1228;500.0;1369;141
1229;55.0;52547;141
1230;30.0;52544;141
1231;100.0;1304;141
1232;-1;1266;141
1233;1000.0;212;141
1234;100.0;244;141
1235;80.0;268;141
1236;40.0;1175;141
1237;45.0;1333;141
1238;5.0;1455;141
1239;80.0;3149;141
1240;110.0;52547;142
1241;60.0;1175;142
1242;3.75;1266;142
1243;200.0;52537;142
1244;75.0;3149;142
1245;6.0;1433;142
1246;1.25;805;142
1247;460.0;915;142
1248;45.0;3149;142
1249;37.5;1175;142
1250;20.0;981;142
1251;15.0;52537;142
1252;110.0;52547;142
1253;60.0;1175;142
1254;3.75;1266;142
1255;200.0;52537;142
1256;75.0;3149;142
1257;6.0;1433;142
1258;1.25;805;142
1259;460.0;915;142
1260;45.0;3149;142
1261;37.5;1175;142
1262;20.0;981;142
1263;15.0;52537;142
1292;500.0;1791;147
1293;110.0;52547;147
1294;70.0;1369;147
1295;2.5;1266;147
1296;-1;783;147
1297;45.0;52544;147
1298;500.0;1791;147
1299;110.0;52547;147
1300;70.0;1369;147
1301;2.5;1266;147
1302;-1;783;147
1303;45.0;52544;147
1304;750.0;1369;148
1305;250.0;1304;148
1306;10.0;1433;148
1307;187.5;52544;148
1308;225.0;1175;148
1309;5.0;1266;148
1310;750.0;1369;148
1311;250.0;1304;148
1312;10.0;1433;148
1313;187.5;52544;148
1314;225.0;1175;148
1315;5.0;1266;148
1317;625.0;1108;150
1318;350.0;52547;150
1319;5.0;1328;150
1320;-1;1266;150
1321;5.0;52544;150
1322;625.0;1108;150
1323;350.0;52547;150
1324;5.0;1328;150
1325;-1;1266;150
1326;5.0;52544;150
1327;200.0;1088;151
1328;110.0;52547;151
1329;15.0;1175;151
1330;10.0;915;151
1331;15.0;244;151
1332;30.0;1304;151
1333;200.0;1088;151
1334;110.0;52547;151
1335;15.0;1175;151
1336;10.0;915;151
1337;15.0;244;151
1338;30.0;1304;151
1356;500.0;1369;154
1357;250.0;52547;154
1358;125.0;52544;154
1359;10.0;1433;154
1360;15.0;1175;154
1361;5.0;1266;154
1362;200.0;1101;154
1363;110.0;52547;154
1364;10.0;1239;154
1365;10.0;6369;154
1366;-1;783;154
1367;-1;1266;154
1368;20.0;981;154
1369;15.0;4450;154
1370;500.0;1369;154
1371;250.0;52547;154
1372;125.0;52544;154
1373;10.0;1433;154
1374;15.0;1175;154
1375;5.0;1266;154
1376;200.0;1101;154
1377;110.0;52547;154
1378;10.0;1239;154
1379;10.0;6369;154
1380;-1;783;154
1381;-1;1266;154
1382;20.0;981;154
1383;15.0;4450;154
1384;370.0;1369;155
1385;230.0;1304;155
1386;5.0;1433;155
1387;5.0;1266;155
1388;370.0;1369;155
1389;230.0;1304;155
1390;5.0;1433;155
1391;5.0;1266;155
1392;100.0;52537;156
1393;200.0;1304;156
1394;15.0;1175;156
1395;15.0;1369;156
1396;21.0;1737;156
1397;500.0;1369;156
1398;110.0;52547;156
1399;5.0;1266;156
1400;60.0;52544;156
1401;5.0;1266;156
1402;105.0;52544;156
1403;25.0;6428;156
1404;20.0;6369;156
1405;100.0;52537;156
1406;200.0;1304;156
1407;15.0;1175;156
1408;15.0;1369;156
1409;21.0;1737;156
1410;500.0;1369;156
1411;110.0;52547;156
1412;5.0;1266;156
1413;60.0;52544;156
1414;5.0;1266;156
1415;105.0;52544;156
1416;25.0;6428;156
1417;20.0;6369;156
1425;400.0;915;159
1426;300.0;1304;159
1427;8.0;1433;159
1428;15.0;52544;159
1429;5.0;1175;159
1430;5.0;1266;159
1431;400.0;915;159
1432;300.0;1304;159
1433;8.0;1433;159
1434;15.0;52544;159
1435;5.0;1175;159
1436;5.0;1266;159
1468;35.0;980;162
1469;85.0;761;162
1470;85.0;1111;162
1471;35.0;980;162
1472;85.0;761;162
1473;85.0;1111;162
1480;200.0;1088;164
1481;55.0;52547;164
1482;45.0;1175;164
1483;1.0;1328;164
1484;1.0;805;164
1485;90.0;1369;164
1486;300.0;52544;164
1487;30.0;761;164
1488;200.0;1088;164
1489;55.0;52547;164
1490;45.0;1175;164
1491;1.0;1328;164
1492;1.0;805;164
1493;90.0;1369;164
1494;300.0;52544;164
1495;30.0;761;164
1496;370.0;1369;165
1497;150.0;1304;165
1498;60.0;52544;165
1499;7.5;1433;165
1500;75.0;1175;165
1501;2.5;1266;165
1502;60.0;52544;165
1503;120.0;1175;165
1504;370.0;1369;165
1505;150.0;1304;165
1506;60.0;52544;165
1507;7.5;1433;165
1508;75.0;1175;165
1509;2.5;1266;165
1510;60.0;52544;165
1511;120.0;1175;165
1532;200.0;1304;171
1533;300.0;1369;171
1534;3.0;1433;171
1535;50.0;1175;171
1536;25.0;3149;171
1537;2.5;1266;171
1538;250.0;52544;171
1539;200.0;1304;171
1540;300.0;1369;171
1541;3.0;1433;171
1542;50.0;1175;171
1543;25.0;3149;171
1544;2.5;1266;171
1545;250.0;52544;171
1546;55.0;52547;172
1547;130.0;52537;172
1548;10.0;1175;172
1549;2.5;1266;172
1550;5.0;1433;172
1551;45.0;3149;172
1552;300.0;915;172
1553;400.0;997;172
1554;100.0;133;172
1555;-1;1266;172
1556;5.0;1237;172
1557;20.0;3149;172
1558;20.0;981;172
1559;15.0;52537;172
1560;55.0;52547;172
1561;130.0;52537;172
1562;10.0;1175;172
1563;2.5;1266;172
1564;5.0;1433;172
1565;45.0;3149;172
1566;300.0;915;172
1567;400.0;997;172
1568;100.0;133;172
1569;-1;1266;172
1570;5.0;1237;172
1571;20.0;3149;172
1572;20.0;981;172
1573;15.0;52537;172
1574;700.0;915;173
1575;7.5;1266;173
1576;200.0;133;173
1577;350.0;1304;173
1578;100.0;3149;173
1579;700.0;915;173
1580;7.5;1266;173
1581;200.0;133;173
1582;350.0;1304;173
1583;100.0;3149;173
1589;200.0;52547;175
1590;200.0;1369;175
1591;110.0;52547;175
1592;5.0;1328;175
1593;-1;1266;175
1594;30.0;52544;175
1595;-1;1266;175
1596;300.0;979;175
1597;300.0;1368;175
1598;10.0;6369;175
1599;-1;783;175
1600;200.0;52547;175
1601;200.0;1369;175
1602;110.0;52547;175
1603;5.0;1328;175
1604;-1;1266;175
1605;30.0;52544;175
1606;-1;1266;175
1607;300.0;979;175
1608;300.0;1368;175
1609;10.0;6369;175
1610;-1;783;175
1611;200.0;1304;177
1612;60.0;3149;177
1613;1.25;1266;177
1614;5.0;761;177
1615;250.0;1369;177
1616;110.0;52547;177
1617;15.0;746;177
1618;500.0;52544;177
1619;200.0;1304;177
1620;60.0;3149;177
1621;1.25;1266;177
1622;5.0;761;177
1623;250.0;1369;177
1624;110.0;52547;177
1625;15.0;746;177
1626;500.0;52544;177
1627;300.0;2095;178
1628;-1;1266;178
1629;-1;783;178
1630;100.0;133;178
1631;400.0;32;178
1632;100.0;1303;178
1633;300.0;2095;178
1634;-1;1266;178
1635;-1;783;178
1636;100.0;133;178
1637;400.0;32;178
1638;100.0;1303;178
1639;125.0;1369;179
1640;50.0;1175;179
1641;70.0;980;179
1642;-1;805;179
1643;125.0;1369;179
1644;50.0;1175;179
1645;70.0;980;179
1646;-1;805;179
1651;500.0;212;181
1652;220.0;52547;181
1653;200.0;1369;181
1654;140.0;1175;181
1655;50.0;3149;181
1656;110.0;52547;181
1657;5.0;1328;181
1658;2.5;1266;181
1659;500.0;212;181
1660;220.0;52547;181
1661;200.0;1369;181
1662;140.0;1175;181
1663;50.0;3149;181
1664;110.0;52547;181
1665;5.0;1328;181
1666;2.5;1266;181
1672;150.0;1369;183
1673;250.0;1088;183
1674;80.0;1175;183
1675;55.0;52547;183
1676;1.25;1328;183
1677;-1;805;183
1678;-1;1266;183
1679;250.0;52544;183
1680;15.0;761;183
1681;150.0;1369;183
1682;250.0;1088;183
1683;80.0;1175;183
1684;55.0;52547;183
1685;1.25;1328;183
1686;-1;805;183
1687;-1;1266;183
1688;250.0;52544;183
1689;15.0;761;183
1691;150.0;52537;185
1692;250.0;1369;185
1693;55.0;52547;185
1694;25.0;3149;185
1695;4.0;4685;185
1696;50.0;1175;185
1697;2.0;1266;185
1698;350.0;52544;185
1699;150.0;52537;185
1700;250.0;1369;185
1701;55.0;52547;185
1702;25.0;3149;185
1703;4.0;4685;185
1704;50.0;1175;185
1705;2.0;1266;185
1706;350.0;52544;185
1723;200.0;52537;189
1724;55.0;52547;189
1725;45.0;1175;189
1726;250.0;1369;189
1727;1.25;1328;189
1728;50.0;52544;189
1729;-1;1266;189
1730;200.0;52537;189
1731;55.0;52547;189
1732;45.0;1175;189
1733;250.0;1369;189
1734;1.25;1328;189
1735;50.0;52544;189
1736;-1;1266;189
1737;450.0;1369;190
1738;55.0;52547;190
1739;10.0;1433;190
1740;250.0;52537;190
1741;5.0;1266;190
1742;10.0;1175;190
1743;45.0;52544;190
1744;300.0;236;190
1745;100.0;200;190
1746;100.0;923;190
1747;45.0;4869;190
1748;300.0;212;190
1749;25.0;3149;190
1750;50.0;1175;190
1751;0.5;777;190
1752;150.0;1166;190
1753;55.0;52547;190
1754;450.0;1369;190
1755;55.0;52547;190
1756;10.0;1433;190
1757;250.0;52537;190
1758;5.0;1266;190
1759;10.0;1175;190
1760;45.0;52544;190
1761;300.0;236;190
1762;100.0;200;190
1763;100.0;923;190
1764;45.0;4869;190
1765;300.0;212;190
1766;25.0;3149;190
1767;50.0;1175;190
1768;0.5;777;190
1769;150.0;1166;190
1770;55.0;52547;190
1779;460.0;915;195
1780;24.0;1737;195
1781;55.0;52547;195
1782;150.0;52537;195
1783;100.0;1304;195
1784;120.0;1175;195
1785;60.0;3149;195
1786;1.0;805;195
1787;-1;1266;195
1788;30.0;52544;195
1789;70.0;3149;195
1790;120.0;1175;195
1791;460.0;915;195
1792;24.0;1737;195
1793;55.0;52547;195
1794;150.0;52537;195
1795;100.0;1304;195
1796;120.0;1175;195
1797;60.0;3149;195
1798;1.0;805;195
1799;-1;1266;195
1800;30.0;52544;195
1801;70.0;3149;195
1802;120.0;1175;195
1809;500.0;52537;198
1810;60.0;1175;198
1811;55.0;52547;198
1812;1.0;1266;198
1813;50.0;3149;198
1814;900.0;1369;198
1815;20.0;52544;198
1816;30.0;1737;198
1817;300.0;1174;198
1818;500.0;52537;198
1819;60.0;1175;198
1820;55.0;52547;198
1821;1.0;1266;198
1822;50.0;3149;198
1823;900.0;1369;198
1824;20.0;52544;198
1825;30.0;1737;198
1826;300.0;1174;198
1827;180.0;52537;199
1828;160.0;1369;199
1829;120.0;1329;199
1830;50.0;3149;199
1831;110.0;52547;199
1832;30.0;1175;199
1833;30.0;52544;199
1834;1.0;1266;199
1835;180.0;52537;199
1836;160.0;1369;199
1837;120.0;1329;199
1838;50.0;3149;199
1839;110.0;52547;199
1840;30.0;1175;199
1841;30.0;52544;199
1842;1.0;1266;199
1843;300.0;753;200
1844;250.0;1304;200
1845;60.0;1201;200
1846;60.0;1175;200
1847;300.0;753;200
1848;250.0;1304;200
1849;60.0;1201;200
1850;60.0;1175;200
1851;250.0;52537;201
1852;70.0;1175;201
1853;70.0;912;201
1854;30.0;3149;201
1855;15.0;762;201
1856;55.0;52547;201
1857;45.0;1369;201
1858;10.0;762;201
1859;20.0;3871;201
1860;250.0;52537;201
1861;70.0;1175;201
1862;70.0;912;201
1863;30.0;3149;201
1864;15.0;762;201
1865;55.0;52547;201
1866;45.0;1369;201
1867;10.0;762;201
1868;20.0;3871;201
1870;15.0;800;203
1871;300.0;52542;203
1872;30.0;1175;203
1873;1.0;805;203
1874;40.0;981;203
1875;250.0;52537;203
1876;125.0;1304;203
1877;15.0;800;203
1878;300.0;52542;203
1879;30.0;1175;203
1880;1.0;805;203
1881;40.0;981;203
1882;250.0;52537;203
1883;125.0;1304;203
1884;300.0;52542;205
1885;100.0;250;205
1886;50.0;268;205
1887;45.0;761;205
1888;30.0;1175;205
1889;5.0;1219;205
1890;300.0;52542;205
1891;100.0;250;205
1892;50.0;268;205
1893;45.0;761;205
1894;30.0;1175;205
1895;5.0;1219;205
1896;300.0;225;206
1897;180.0;1175;206
1898;350.0;1304;206
1899;3.0;1315;206
1900;300.0;225;206
1901;180.0;1175;206
1902;350.0;1304;206
1903;3.0;1315;206
1904;300.0;1066;207
1905;150.0;1304;207
1906;180.0;1175;207
1907;15.0;1266;207
1908;15.0;1333;207
1909;300.0;1066;207
1910;150.0;1304;207
1911;180.0;1175;207
1912;15.0;1266;207
1913;15.0;1333;207
1914;100;204;208
1915;40.0;3149;208
1916;30.0;1176;208
1917;2.5;1455;208
1918;100;204;208
1919;40.0;3149;208
1920;30.0;1176;208
1921;2.5;1455;208
1922;100;195;209
1923;30.0;1175;209
1924;60.0;4869;209
1925;30.0;268;209
1926;10.0;3149;209
1927;100;195;209
1928;30.0;1175;209
1929;60.0;4869;209
1930;30.0;268;209
1931;10.0;3149;209
1932;600.0;151;210
1933;100.0;244;210
1934;80.0;1175;210
1935;300.0;212;210
1936;15.0;1333;210
1937;600.0;151;210
1938;100.0;244;210
1939;80.0;1175;210
1940;300.0;212;210
1941;15.0;1333;210
1944;300.0;292;212
1945;300.0;1793;212
1946;100.0;1304;212
1947;20.0;800;212
1948;30.0;1175;212
1949;10.0;5241;212
1950;300.0;292;212
1951;300.0;1793;212
1952;100.0;1304;212
1953;20.0;800;212
1954;30.0;1175;212
1955;10.0;5241;212
1960;100.0;1304;214
1961;25.0;1175;214
1962;200.0;212;214
1963;15.0;3149;214
1964;2.5;1455;214
1965;100.0;1304;214
1966;25.0;1175;214
1967;200.0;212;214
1968;15.0;3149;214
1969;2.5;1455;214
1970;200.0;200;215
1971;30.0;1333;215
1972;15.0;1176;215
1973;1.25;777;215
1974;200.0;200;215
1975;30.0;1333;215
1976;15.0;1176;215
1977;1.25;777;215
1978;500.0;4434;216
1979;30.0;1175;216
1980;2.5;1266;216
1981;500.0;4434;216
1982;30.0;1175;216
1983;2.5;1266;216
1989;30.0;980;218
1990;300.0;212;218
1991;100.0;230;218
1992;360.0;4869;218
1993;10.0;1315;218
1994;50.0;1304;218
1995;30.0;980;218
1996;300.0;212;218
1997;100.0;230;218
1998;360.0;4869;218
1999;10.0;1315;218
2000;50.0;1304;218
2013;350.0;52542;223
2014;300.0;52537;223
2015;80.0;1175;223
2016;20.0;800;223
2017;60.0;981;223
2018;1.0;805;223
2019;50.0;225;223
2020;350.0;52542;223
2021;300.0;52537;223
2022;80.0;1175;223
2023;20.0;800;223
2024;60.0;981;223
2025;1.0;805;223
2026;50.0;225;223
2027;300.0;1088;224
2028;100;204;224
2029;165.0;52547;224
2030;150.0;52542;224
2031;75.0;1175;224
2032;45.0;1369;224
2033;-1;1266;224
2034;300.0;1088;224
2035;100;204;224
2036;165.0;52547;224
2037;150.0;52542;224
2038;75.0;1175;224
2039;45.0;1369;224
2040;-1;1266;224
2041;100.0;980;225
2042;200.0;1175;225
2043;100.0;1304;225
2044;100.0;980;225
2045;200.0;1175;225
2046;100.0;1304;225
2047;100;204;227
2048;50.0;52546;227
2049;100;204;227
2050;50.0;52546;227
2051;35.0;886;228
2052;25.0;3149;228
2053;35.0;1175;228
2054;20.0;981;228
2055;70.0;980;228
2056;35.0;886;228
2057;25.0;3149;228
2058;35.0;1175;228
2059;20.0;981;228
2060;70.0;980;228
2061;300.0;200;229
2062;7.0;800;229
2063;60.0;1175;229
2064;20.0;1080;229
2065;300.0;200;229
2066;7.0;800;229
2067;60.0;1175;229
2068;20.0;1080;229
2069;300.0;212;230
2070;400.0;1304;230
2071;40.0;1175;230
2072;100;1217;230
2073;100;1454;230
2074;30.0;1333;230
2075;-1;1455;230
2076;300.0;212;230
2077;400.0;1304;230
2078;40.0;1175;230
2079;100;1217;230
2080;100;1454;230
2081;30.0;1333;230
2082;-1;1455;230
2089;300.0;225;234
2090;80.0;1175;234
2091;8.0;800;234
2092;50.0;1304;234
2093;300.0;225;234
2094;80.0;1175;234
2095;8.0;800;234
2096;50.0;1304;234
2099;400.0;212;236
2100;100.0;244;236
2101;45.0;4869;236
2102;400.0;212;236
2103;100.0;244;236
2104;45.0;4869;236
2106;500.0;52537;238
2107;275.0;52547;238
2108;100.0;1175;238
2109;-1;805;238
2110;150.0;1175;238
2111;50.0;1304;238
2112;500.0;52537;238
2113;275.0;52547;238
2114;100.0;1175;238
2115;-1;805;238
2116;150.0;1175;238
2117;50.0;1304;238
2118;80.0;1088;239
2119;60.0;3871;239
2120;60.0;52542;239
2121;30.0;1175;239
2122;0;236;239
2123;5.0;886;239
2124;50.0;893;239
2125;80.0;1088;239
2126;60.0;3871;239
2127;60.0;52542;239
2128;30.0;1175;239
2129;0;236;239
2130;5.0;886;239
2131;50.0;893;239
2132;100.0;212;240
2133;100;204;240
2134;100.0;200;240
2135;70.0;52542;240
2136;60.0;1175;240
2137;30.0;268;240
2138;5.0;1333;240
2139;100.0;212;240
2140;100;204;240
2141;100.0;200;240
2142;70.0;52542;240
2143;60.0;1175;240
2144;30.0;268;240
2145;5.0;1333;240
2151;300.0;1079;242
2152;250.0;1058;242
2153;200.0;2050;242
2154;100.0;1554;242
2155;80.0;1175;242
2156;300.0;1079;242
2157;250.0;1058;242
2158;200.0;2050;242
2159;100.0;1554;242
2160;80.0;1175;242
2171;200.0;1329;249
2172;200.0;1304;249
2173;25.0;800;249
2174;150.0;222;249
2175;100;203;249
2176;100;207;249
2177;200.0;1329;249
2178;200.0;1304;249
2179;25.0;800;249
2180;150.0;222;249
2181;100;203;249
2182;100;207;249
2184;450.0;1538;251
2185;200.0;3149;251
2186;100.0;52544;251
2187;270.0;268;251
2188;450.0;1175;251
2189;350.0;1304;251
2190;15.0;1333;251
2191;-1;777;251
2192;450.0;1538;251
2193;200.0;3149;251
2194;100.0;52544;251
2195;270.0;268;251
2196;450.0;1175;251
2197;350.0;1304;251
2198;15.0;1333;251
2199;-1;777;251
2200;800.0;212;252
2201;55.0;915;252
2202;120.0;1175;252
2203;45.0;3149;252
2204;55.0;82;252
2205;1.5;821;252
2206;1.5;777;252
2207;800.0;212;252
2208;55.0;915;252
2209;120.0;1175;252
2210;45.0;3149;252
2211;55.0;82;252
2212;1.5;821;252
2213;1.5;777;252
2214;100.0;1369;256
2215;100.0;1175;256
2216;220.0;52547;256
2217;30.0;762;256
2218;200.0;225;256
2219;250.0;1079;256
2220;60.0;761;256
2221;100.0;1369;256
2222;100.0;1175;256
2223;220.0;52547;256
2224;30.0;762;256
2225;200.0;225;256
2226;250.0;1079;256
2227;60.0;761;256
2253;500.0;52547;264
2254;200.0;52542;264
2255;100.0;3871;264
2256;60.0;1175;264
2257;40.0;1304;264
2258;15.0;800;264
2259;5.0;1220;264
2260;500.0;52547;264
2261;200.0;52542;264
2262;100.0;3871;264
2263;60.0;1175;264
2264;40.0;1304;264
2265;15.0;800;264
2266;5.0;1220;264
2274;200.0;1549;266
2275;400.0;1431;266
2276;200.0;1549;266
2277;400.0;1431;266
2289;500.0;246;269
2290;500.0;268;269
2291;10.0;1175;269
2292;-1;1333;269
2293;-1;1266;269
2294;500.0;52542;269
2295;45.0;1175;269
2296;500.0;246;269
2297;500.0;268;269
2298;10.0;1175;269
2299;-1;1333;269
2300;-1;1266;269
2301;500.0;52542;269
2302;45.0;1175;269
2310;400.0;225;275
2311;45.0;52542;275
2312;30.0;1175;275
2313;400.0;225;275
2314;45.0;52542;275
2315;30.0;1175;275
2318;400.0;151;279
2319;300.0;212;279
2320;200.0;244;279
2321;100.0;249;279
2322;100.0;268;279
2323;45.0;1175;279
2324;45.0;4869;279
2325;50.0;3149;279
2326;400.0;151;279
2327;300.0;212;279
2328;200.0;244;279
2329;100.0;249;279
2330;100.0;268;279
2331;45.0;1175;279
2332;45.0;4869;279
2333;50.0;3149;279
2339;400.0;52542;284
2340;100.0;1175;284
2341;5.0;1315;284
2342;100.0;886;284
2343;10.0;814;284
2344;400.0;52542;284
2345;100.0;1175;284
2346;5.0;1315;284
2347;100.0;886;284
2348;10.0;814;284
2349;175.0;753;285
2350;115.0;3149;285
2351;175.0;1175;285
2352;110.0;52547;285
2353;20.0;981;285
2354;80.0;1369;285
2355;45.0;762;285
2356;150.0;1166;285
2357;200.0;3871;285
2358;100;225;285
2359;150.0;912;285
2360;1.0;1326;285
2361;175.0;753;285
2362;115.0;3149;285
2363;175.0;1175;285
2364;110.0;52547;285
2365;20.0;981;285
2366;80.0;1369;285
2367;45.0;762;285
2368;150.0;1166;285
2369;200.0;3871;285
2370;100;225;285
2371;150.0;912;285
2372;1.0;1326;285
2375;500.0;1079;287
2376;10.0;800;287
2377;30.0;1175;287
2378;1.0;805;287
2379;200.0;225;287
2380;500.0;1079;287
2381;10.0;800;287
2382;30.0;1175;287
2383;1.0;805;287
2384;200.0;225;287
2396;500.0;151;297
2397;400.0;1079;297
2398;15.0;800;297
2399;30.0;761;297
2400;15.0;777;297
2401;-1;268;297
2402;100.0;1166;297
2403;500.0;151;297
2404;400.0;1079;297
2405;15.0;800;297
2406;30.0;761;297
2407;15.0;777;297
2408;-1;268;297
2409;100.0;1166;297
2410;100;204;298
2411;180.0;82;298
2412;60.0;4869;298
2413;150.0;52542;298
2414;15.0;761;298
2415;150.0;4096;298
2416;10.0;753;298
2417;50.0;1179;298
2418;10.0;52544;298
2419;100;204;298
2420;180.0;82;298
2421;60.0;4869;298
2422;150.0;52542;298
2423;15.0;761;298
2424;150.0;4096;298
2425;10.0;753;298
2426;50.0;1179;298
2427;10.0;52544;298
2428;170.0;205;299
2429;170.0;208;299
2430;120.0;1304;299
2431;45.0;1175;299
2432;30.0;1333;299
2433;-1;1245;299
2434;170.0;205;299
2435;170.0;208;299
2436;120.0;1304;299
2437;45.0;1175;299
2438;30.0;1333;299
2439;-1;1245;299
2440;100;204;302
2441;65.0;1048;302
2442;100;204;302
2443;65.0;1048;302
2444;120.0;1369;305
2445;100.0;3149;305
2446;100.0;1175;305
2447;30.0;82;305
2448;700.0;212;305
2449;100.0;236;305
2450;5.0;777;305
2451;1.6500000000000001;821;305
2452;120.0;1369;305
2453;100.0;3149;305
2454;100.0;1175;305
2455;30.0;82;305
2456;700.0;212;305
2457;100.0;236;305
2458;5.0;777;305
2459;1.6500000000000001;821;305
2463;500.0;52542;315
2464;180.0;1175;315
2465;100;204;315
2466;500.0;52542;315
2467;180.0;1175;315
2468;100;204;315
2469;1000.0;1088;317
2470;150.0;52547;317
2471;30.0;52542;317
2472;45.0;4869;317
2473;100;204;317
2474;1000.0;1088;317
2475;150.0;52547;317
2476;30.0;52542;317
2477;45.0;4869;317
2478;100;204;317
2489;200.0;1088;321
2490;200.0;52542;321
2491;70.0;1175;321
2492;10.0;800;321
2493;60.0;1304;321
2494;30.0;1175;321
2495;200.0;226;321
2496;200.0;1088;321
2497;200.0;52542;321
2498;70.0;1175;321
2499;10.0;800;321
2500;60.0;1304;321
2501;30.0;1175;321
2502;200.0;226;321
2503;250.0;1088;322
2504;250.0;52537;322
2505;180.0;52542;322
2506;45.0;1175;322
2507;15.0;800;322
2508;360.0;4046;322
2509;250.0;1088;322
2510;250.0;52537;322
2511;180.0;52542;322
2512;45.0;1175;322
2513;15.0;800;322
2514;360.0;4046;322
2515;600.0;212;323
2516;200.0;1175;323
2517;5.0;777;323
2518;15.0;806;323
2519;500.0;1194;323
2520;600.0;212;323
2521;200.0;1175;323
2522;5.0;777;323
2523;15.0;806;323
2524;500.0;1194;323
2525;100.0;204;324
2526;100.0;1088;324
2527;100.0;225;324
2528;100.0;204;324
2529;100.0;1088;324
2530;100.0;225;324
2531;350.0;52537;325
2532;200.0;1079;325
2533;55.0;52547;325
2534;40.0;981;325
2535;100.0;1175;325
2536;5.0;1219;325
2537;160.0;1175;325
2538;60.0;1304;325
2539;350.0;52537;325
2540;200.0;1079;325
2541;55.0;52547;325
2542;40.0;981;325
2543;100.0;1175;325
2544;5.0;1219;325
2545;160.0;1175;325
2546;60.0;1304;325
2548;200.0;225;329
2549;150.0;761;329
2550;45.0;1333;329
2551;15.0;800;329
2552;200.0;225;329
2553;150.0;761;329
2554;45.0;1333;329
2555;15.0;800;329
2556;450.0;151;330
2557;100.0;52546;330
2558;100.0;200;330
2559;100;248;330
2560;60.0;1175;330
2561;450.0;151;330
2562;100.0;52546;330
2563;100.0;200;330
2564;100;248;330
2565;60.0;1175;330
2566;250.0;1088;331
2567;200.0;52542;331
2568;50.0;1175;331
2569;15.0;800;331
2570;200.0;227;331
2571;250.0;1088;331
2572;200.0;52542;331
2573;50.0;1175;331
2574;15.0;800;331
2575;200.0;227;331
2576;100;204;332
2577;70.0;1554;332
2578;100.0;268;332
2579;250.0;1079;332
2580;125.0;52537;332
2581;30.0;1175;332
2582;15.0;817;332
2583;5.0;1328;332
2584;-1;4715;332
2585;100;204;332
2586;70.0;1554;332
2587;100.0;268;332
2588;250.0;1079;332
2589;125.0;52537;332
2590;30.0;1175;332
2591;15.0;817;332
2592;5.0;1328;332
2593;-1;4715;332
2594;200.0;225;334
2595;600.0;1088;334
2596;55.0;52547;334
2597;50.0;3149;334
2598;250.0;1175;334
2599;125.0;1369;334
2600;100.0;814;334
2601;2000.0;1304;334
2602;-1;1266;334
2603;-1;805;334
2604;200.0;225;334
2605;600.0;1088;334
2606;55.0;52547;334
2607;50.0;3149;334
2608;250.0;1175;334
2609;125.0;1369;334
2610;100.0;814;334
2611;2000.0;1304;334
2612;-1;1266;334
2613;-1;805;334
2614;300.0;225;335
2615;200.0;1088;335
2616;50.0;886;335
2617;5.0;1219;335
2618;-1;1175;335
2619;50.0;1079;335
2620;300.0;225;335
2621;200.0;1088;335
2622;50.0;886;335
2623;5.0;1219;335
2624;-1;1175;335
2625;50.0;1079;335
2630;100;225;337
2631;62.5;1179;337
2632;500.0;1175;337
2633;250.0;1304;337
2634;100;225;337
2635;62.5;1179;337
2636;500.0;1175;337
2637;250.0;1304;337
2641;1500.0;151;341
2642;750.0;1175;341
2643;5.0;819;341
2644;-1;821;341
2645;-1;777;341
2646;15.0;761;341
2647;15.0;818;341
2648;1500.0;151;341
2649;750.0;1175;341
2650;5.0;819;341
2651;-1;821;341
2652;-1;777;341
2653;15.0;761;341
2654;15.0;818;341
2655;200.0;212;342
2656;45.0;915;342
2657;5.0;1449;342
2658;5.0;777;342
2659;200.0;212;342
2660;45.0;915;342
2661;5.0;1449;342
2662;5.0;777;342
2664;180.0;52537;344
2665;100.0;762;344
2666;50.0;3149;344
2667;50.0;1175;344
2668;180.0;52537;344
2669;100.0;762;344
2670;50.0;3149;344
2671;50.0;1175;344
2704;200.0;212;349
2705;30.0;4869;349
2706;100;268;349
2707;100;246;349
2708;100;250;349
2709;5.0;244;349
2710;2.0;1455;349
2711;200.0;212;349
2712;30.0;4869;349
2713;100;268;349
2714;100;246;349
2715;100;250;349
2716;5.0;244;349
2717;2.0;1455;349
3015;170.0;746;389
3016;370.0;1304;389
3017;22.5;1175;389
3018;50.0;52546;389
3019;5.0;1342;389
3020;15.0;1372;389
3021;100;776;389
3022;15.0;806;389
3023;170.0;746;389
3024;370.0;1304;389
3025;22.5;1175;389
3026;50.0;52546;389
3027;5.0;1342;389
3028;15.0;1372;389
3029;100;776;389
3030;15.0;806;389
3196;400.0;129;449
3197;5.0;6428;449
3198;30.0;52540;449
3199;-1;1266;449
3200;400.0;129;449
3201;5.0;6428;449
3202;30.0;52540;449
3203;-1;1266;449
3230;450.0;129;465
3231;22.5;6230;465
3232;30.0;525;465
3233;15.0;1333;465
3234;1.25;4869;465
3235;2.5;4680;465
3236;2.5;1266;465
3237;-1;783;465
3238;450.0;129;465
3239;22.5;6230;465
3240;30.0;525;465
3241;15.0;1333;465
3242;1.25;4869;465
3243;2.5;4680;465
3244;2.5;1266;465
3245;-1;783;465
3246;300.0;700;467
3247;200.0;183;467
3248;100.0;133;467
3249;150.0;1537;467
3250;200.0;1026;467
3251;100;1029;467
3252;10.0;6230;467
3253;15.0;525;467
3254;5.0;834;467
3255;30.0;52544;467
3256;-1;1266;467
3257;300.0;700;467
3258;200.0;183;467
3259;100.0;133;467
3260;150.0;1537;467
3261;200.0;1026;467
3262;100;1029;467
3263;10.0;6230;467
3264;15.0;525;467
3265;5.0;834;467
3266;30.0;52544;467
3267;-1;1266;467
3306;1200.0;137;495
3307;100.0;129;495
3308;500.0;1304;495
3309;100.0;1175;495
3310;62.5;3144;495
3311;110.0;52538;495
3312;15.0;1266;495
3313;1200.0;137;495
3314;100.0;129;495
3315;500.0;1304;495
3316;100.0;1175;495
3317;62.5;3144;495
3318;110.0;52538;495
3319;15.0;1266;495
3349;100.0;2247;511
3350;30.0;1752;511
3351;100.0;131;511
3352;60.0;1015;511
3353;5.0;4450;511
3354;22.5;52544;511
3355;22.5;784;511
3356;-1;1266;511
3357;22.5;525;511
3358;5.0;833;511
3359;15.0;1333;511
3360;100.0;2247;511
3361;30.0;1752;511
3362;100.0;131;511
3363;60.0;1015;511
3364;5.0;4450;511
3365;22.5;52544;511
3366;22.5;784;511
3367;-1;1266;511
3368;22.5;525;511
3369;5.0;833;511
3370;15.0;1333;511
3383;70.0;129;522
3384;100;268;522
3385;20.0;244;522
3386;5.0;4869;522
3387;15.0;52542;522
3388;70.0;129;522
3389;100;268;522
3390;20.0;244;522
3391;5.0;4869;522
3392;15.0;52542;522
3404;70.0;129;529
3405;100.0;1026;529
3406;100.0;133;529
3407;5.0;6428;529
3408;45.0;52544;529
3409;-1;1266;529
3410;-1;783;529
3411;70.0;129;529
3412;100.0;1026;529
3413;100.0;133;529
3414;5.0;6428;529
3415;45.0;52544;529
3416;-1;1266;529
3417;-1;783;529
3427;250.0;183;535
3428;200.0;2888;535
3429;220.0;52547;535
3430;140.0;129;535
3431;100.0;52540;535
3432;30.0;6369;535
3433;-1;1266;535
3434;30.0;52544;535
3435;250.0;183;535
3436;200.0;2888;535
3437;220.0;52547;535
3438;140.0;129;535
3439;100.0;52540;535
3440;30.0;6369;535
3441;-1;1266;535
3442;30.0;52544;535
3453;385.0;52547;540
3454;20.0;6113;540
3455;5.0;6369;540
3456;45.0;52540;540
3457;-1;1266;540
3458;-1;783;540
3459;385.0;52547;540
3460;20.0;6113;540
3461;5.0;6369;540
3462;45.0;52540;540
3463;-1;1266;540
3464;-1;783;540
3465;200.0;2171;541
3466;200.0;1427;541
3467;50.0;268;541
3468;1.0;52543;541
3469;100.0;1368;541
3470;5.0;6428;541
3471;20.0;6230;541
3472;45.0;52544;541
3473;30.0;834;541
3474;-1;783;541
3475;-1;1266;541
3476;200.0;2171;541
3477;200.0;1427;541
3478;50.0;268;541
3479;1.0;52543;541
3480;100.0;1368;541
3481;5.0;6428;541
3482;20.0;6230;541
3483;45.0;52544;541
3484;30.0;834;541
3485;-1;783;541
3486;-1;1266;541
3506;200.0;2171;549
3507;100.0;133;549
3508;100.0;1025;549
3509;110.0;52547;549
3510;50.0;52540;549
3511;15.0;52544;549
3512;2.5;1266;549
3513;200.0;2171;549
3514;100.0;133;549
3515;100.0;1025;549
3516;110.0;52547;549
3517;50.0;52540;549
3518;15.0;52544;549
3519;2.5;1266;549
3526;300.0;137;552
3527;200.0;129;552
3528;-1;1638;552
3529;45.0;52542;552
3530;30.0;52540;552
3531;5.0;4680;552
3532;1.25;1266;552
3533;-1;783;552
3534;2.0;1175;552
3535;300.0;137;552
3536;200.0;129;552
3537;-1;1638;552
3538;45.0;52542;552
3539;30.0;52540;552
3540;5.0;4680;552
3541;1.25;1266;552
3542;-1;783;552
3543;2.0;1175;552
3566;500.0;151;561
3567;30.0;3149;561
3568;20.0;1369;561
3569;400.0;1304;561
3570;150.0;52537;561
3571;100.0;1079;561
3572;-1;1266;561
3573;500.0;151;561
3574;30.0;3149;561
3575;20.0;1369;561
3576;400.0;1304;561
3577;150.0;52537;561
3578;100.0;1079;561
3579;-1;1266;561
3584;200.0;2930;565
3585;50.0;1421;565
3586;100.0;131;565
3587;100.0;133;565
3588;5.0;771;565
3589;35.0;129;565
3590;1000.0;1304;565
3591;30.0;268;565
3592;5.0;788;565
3593;15.0;6428;565
3594;45.0;3144;565
3595;-1;1266;565
3596;-1;1236;565
3597;200.0;2930;565
3598;50.0;1421;565
3599;100.0;131;565
3600;100.0;133;565
3601;5.0;771;565
3602;35.0;129;565
3603;1000.0;1304;565
3604;30.0;268;565
3605;5.0;788;565
3606;15.0;6428;565
3607;45.0;3144;565
3608;-1;1266;565
3609;-1;1236;565
3617;3000.0;1304;569
3618;400.0;1510;569
3619;100.0;1368;569
3620;6.0;778;569
3621;30.0;735;569
3622;-1;6369;569
3623;8.0;4852;569
3624;-1;783;569
3625;-1;1266;569
3626;3000.0;1304;569
3627;400.0;1510;569
3628;100.0;1368;569
3629;6.0;778;569
3630;30.0;735;569
3631;-1;6369;569
3632;8.0;4852;569
3633;-1;783;569
3634;-1;1266;569
3640;500.0;52537;576
3641;50.0;873;576
3642;-1;1266;576
3643;15.0;1175;576
3644;500.0;52537;576
3645;50.0;873;576
3646;-1;1266;576
3647;15.0;1175;576
3664;450.0;183;589
3665;500.0;1304;589
3666;300.0;1079;589
3667;100.0;1368;589
3668;45.0;784;589
3669;15.0;3149;589
3670;-1;783;589
3671;-1;1266;589
3672;450.0;183;589
3673;500.0;1304;589
3674;300.0;1079;589
3675;100.0;1368;589
3676;45.0;784;589
3677;15.0;3149;589
3678;-1;783;589
3679;-1;1266;589
3877;1500.0;2171;681
3878;3500.0;1304;681
3879;25.0;6428;681
3880;30.0;1230;681
3881;10.0;6113;681
3882;-1;6230;681
3883;-1;1239;681
3884;-1;783;681
3885;-1;1266;681
3886;1500.0;2171;681
3887;3500.0;1304;681
3888;25.0;6428;681
3889;30.0;1230;681
3890;10.0;6113;681
3891;-1;6230;681
3892;-1;1239;681
3893;-1;783;681
3894;-1;1266;681
3912;90.0;915;689
3913;55.0;52547;689
3914;-1;1266;689
3915;90.0;915;689
3916;55.0;52547;689
3917;-1;1266;689
3972;200.0;2247;712
3973;100.0;1368;712
3974;70.0;129;712
3975;55.0;52547;712
3976;200.0;1369;712
3977;10.0;3144;712
3978;10.0;525;712
3979;6.0;778;712
3980;-1;783;712
3981;-1;1266;712
3982;200.0;2247;712
3983;100.0;1368;712
3984;70.0;129;712
3985;55.0;52547;712
3986;200.0;1369;712
3987;10.0;3144;712
3988;10.0;525;712
3989;6.0;778;712
3990;-1;783;712
3991;-1;1266;712
4003;1000.0;2341;716
4004;70.0;129;716
4005;100.0;133;716
4006;9.0;778;716
4007;-1;1266;716
4008;-1;783;716
4009;55.0;52547;716
4010;4000.0;1304;716
4011;1000.0;2341;716
4012;70.0;129;716
4013;100.0;133;716
4014;9.0;778;716
4015;-1;1266;716
4016;-1;783;716
4017;55.0;52547;716
4018;4000.0;1304;716
4019;500.0;129;717
4020;100.0;133;717
4021;5.0;6428;717
4022;15.0;771;717
4023;45.0;52544;717
4024;2.5;1266;717
4025;-1;783;717
4026;500.0;129;717
4027;100.0;133;717
4028;5.0;6428;717
4029;15.0;771;717
4030;45.0;52544;717
4031;2.5;1266;717
4032;-1;783;717
4042;100;2438;723
4043;300.0;200;723
4044;100.0;52546;723
4045;-1;1266;723
4046;5.0;1449;723
4047;100;1454;723
4048;30.0;4869;723
4049;15.0;52544;723
4050;100.0;200;723
4051;100.0;212;723
4052;100;2438;723
4053;300.0;200;723
4054;100.0;52546;723
4055;-1;1266;723
4056;5.0;1449;723
4057;100;1454;723
4058;30.0;4869;723
4059;15.0;52544;723
4060;100.0;200;723
4061;100.0;212;723
4093;300.0;2930;733
4094;100.0;133;733
4095;20.0;3144;733
4096;-1;4894;733
4097;-1;1268;733
4098;-1;783;733
4099;300.0;2930;733
4100;100.0;133;733
4101;20.0;3144;733
4102;-1;4894;733
4103;-1;1268;733
4104;-1;783;733
4105;400.0;700;734
4106;200.0;133;734
4107;20.0;52544;734
4108;-1;1266;734
4109;-1;783;734
4110;400.0;700;734
4111;200.0;133;734
4112;20.0;52544;734
4113;-1;1266;734
4114;-1;783;734
4116;90.0;52537;736
4117;165.0;52547;736
4118;-1;1266;736
4119;15.0;52544;736
4120;90.0;52537;736
4121;165.0;52547;736
4122;-1;1266;736
4123;15.0;52544;736
4158;350.0;147;747
4159;55.0;52547;747
4160;45.0;1369;747
4161;20.0;52537;747
4162;150.0;52544;747
4163;5.0;4680;747
4164;-1;1266;747
4165;-1;6428;747
4166;-1;4894;747
4167;-1;783;747
4168;350.0;147;747
4169;55.0;52547;747
4170;45.0;1369;747
4171;20.0;52537;747
4172;150.0;52544;747
4173;5.0;4680;747
4174;-1;1266;747
4175;-1;6428;747
4176;-1;4894;747
4177;-1;783;747
4186;250.0;1101;752
4187;250.0;151;752
4188;15.0;6428;752
4189;5.0;1266;752
4190;2.5;816;752
4191;15.0;3144;752
4192;250.0;1101;752
4193;250.0;151;752
4194;15.0;6428;752
4195;5.0;1266;752
4196;2.5;816;752
4197;15.0;3144;752
4222;300.0;151;758
4223;75.0;4869;758
4224;25.0;800;758
4225;100.0;1304;758
4226;10.0;1219;758
4227;300.0;151;758
4228;75.0;4869;758
4229;25.0;800;758
4230;100.0;1304;758
4231;10.0;1219;758
4236;500.0;1088;760
4237;200.0;52537;760
4238;220.0;52547;760
4239;-1;805;760
4240;500.0;1088;760
4241;200.0;52537;760
4242;220.0;52547;760
4243;-1;805;760
4247;500.0;137;762
4248;70.0;129;762
4249;100.0;212;762
4250;50.0;1368;762
4251;30.0;6230;762
4252;15.0;1175;762
4253;5.0;1266;762
4254;45.0;525;762
4255;15.0;1333;762
4256;500.0;137;762
4257;70.0;129;762
4258;100.0;212;762
4259;50.0;1368;762
4260;30.0;6230;762
4261;15.0;1175;762
4262;5.0;1266;762
4263;45.0;525;762
4264;15.0;1333;762
4265;300.0;151;764
4266;100.0;212;764
4267;10.0;3149;764
4268;2.0;1455;764
4269;15.0;4869;764
4270;300.0;151;764
4271;100.0;212;764
4272;10.0;3149;764
4273;2.0;1455;764
4274;15.0;4869;764
4286;100;154;767
4287;70.0;129;767
4288;100.0;212;767
4289;100.0;52542;767
4290;2.0;1266;767
4291;2.5;1175;767
4292;10.0;4450;767
4293;10.0;4446;767
4294;100;154;767
4295;70.0;129;767
4296;100.0;212;767
4297;100.0;52542;767
4298;2.0;1266;767
4299;2.5;1175;767
4300;10.0;4450;767
4301;10.0;4446;767
4302;600.0;796;768
4303;100.0;225;768
4304;100.0;226;768
4305;15.0;800;768
4306;600.0;796;768
4307;100.0;225;768
4308;100.0;226;768
4309;15.0;800;768
4310;200.0;137;769
4311;150.0;130;769
4312;150.0;129;769
4313;5.0;1333;769
4314;30.0;52544;769
4315;10.0;6369;769
4316;200.0;137;769
4317;150.0;130;769
4318;150.0;129;769
4319;5.0;1333;769
4320;30.0;52544;769
4321;10.0;6369;769
4322;400.0;52547;771
4323;100;204;771
4324;200.0;4096;771
4325;400.0;52547;771
4326;100;204;771
4327;200.0;4096;771
4329;300.0;1428;774
4330;140.0;129;774
4331;200.0;1368;774
4332;400.0;1026;774
4333;45.0;52544;774
4334;-1;1266;774
4335;-1;1230;774
4336;-1;783;774
4337;300.0;1428;774
4338;140.0;129;774
4339;200.0;1368;774
4340;400.0;1026;774
4341;45.0;52544;774
4342;-1;1266;774
4343;-1;1230;774
4344;-1;783;774
4347;300.0;1088;776
4348;55.0;52547;776
4349;25.0;1175;776
4350;1.0;805;776
4351;40.0;1109;776
4352;300.0;1088;776
4353;55.0;52547;776
4354;25.0;1175;776
4355;1.0;805;776
4356;40.0;1109;776
4357;1500.0;205;777
4358;200.0;131;777
4359;200.0;200;777
4360;100.0;808;777
4361;5.0;5228;777
4362;5.0;1333;777
4363;-1;1266;777
4364;75.0;1079;777
4365;1500.0;205;777
4366;200.0;131;777
4367;200.0;200;777
4368;100.0;808;777
4369;5.0;5228;777
4370;5.0;1333;777
4371;-1;1266;777
4372;75.0;1079;777
4373;400.0;212;778
4374;20.0;4869;778
4375;400.0;212;778
4376;20.0;4869;778
4377;100.0;151;779
4378;50.0;129;779
4379;50.0;1740;779
4380;40.0;212;779
4381;30.0;210;779
4382;-1;1266;779
4383;30.0;525;779
4384;2.5;1453;779
4385;2.5;4869;779
4386;100.0;151;779
4387;50.0;129;779
4388;50.0;1740;779
4389;40.0;212;779
4390;30.0;210;779
4391;-1;1266;779
4392;30.0;525;779
4393;2.5;1453;779
4394;2.5;4869;779
4395;600.0;1304;781
4396;30.0;1159;781
4397;30.0;4869;781
4398;15.0;1333;781
4399;600.0;1304;781
4400;30.0;1159;781
4401;30.0;4869;781
4402;15.0;1333;781
4403;125.0;1420;782
4404;375.0;1304;782
4405;15.0;4869;782
4406;50.0;244;782
4407;-1;1266;782
4408;125.0;1420;782
4409;375.0;1304;782
4410;15.0;4869;782
4411;50.0;244;782
4412;-1;1266;782
4429;100.0;212;789
4430;50.0;216;789
4431;50.0;223;789
4432;50.0;225;789
4433;50.0;226;789
4434;50.0;229;789
4435;50.0;232;789
4436;100.0;212;789
4437;50.0;216;789
4438;50.0;223;789
4439;50.0;225;789
4440;50.0;226;789
4441;50.0;229;789
4442;50.0;232;789
4447;300.0;212;792
4448;250.0;250;792
4449;45.0;4869;792
4450;300.0;212;792
4451;250.0;250;792
4452;45.0;4869;792
4460;100.0;1626;795
4461;80.0;862;795
4462;50.0;1031;795
4463;30.0;52541;795
4464;100.0;1368;795
4465;30.0;525;795
4466;15.0;1333;795
4467;15.0;833;795
4468;2.5;1175;795
4469;2.0;1266;795
4470;100.0;1626;795
4471;80.0;862;795
4472;50.0;1031;795
4473;30.0;52541;795
4474;100.0;1368;795
4475;30.0;525;795
4476;15.0;1333;795
4477;15.0;833;795
4478;2.5;1175;795
4479;2.0;1266;795
4486;100;859;797
4487;70.0;129;797
4488;200.0;212;797
4489;-1;1333;797
4490;-1;1230;797
4491;-1;1266;797
4492;-1;783;797
4493;100;859;797
4494;70.0;129;797
4495;200.0;212;797
4496;-1;1333;797
4497;-1;1230;797
4498;-1;1266;797
4499;-1;783;797
4500;125.0;908;798
4501;250.0;62;798
4502;30.0;818;798
4503;200.0;931;798
4504;100.0;212;798
4505;100.0;796;798
4506;40.0;52544;798
4507;1.6500000000000001;1328;798
4508;125.0;908;798
4509;250.0;62;798
4510;30.0;818;798
4511;200.0;931;798
4512;100.0;212;798
4513;100.0;796;798
4514;40.0;52544;798
4515;1.6500000000000001;1328;798
4516;60.0;268;799
4517;70.0;4434;799
4518;50.0;1160;799
4519;110.0;246;799
4520;100.0;250;799
4521;100.0;244;799
4522;100.0;1400;799
4523;100.0;237;799
4524;200.0;249;799
4525;80.0;52546;799
4526;60.0;268;799
4527;70.0;4434;799
4528;50.0;1160;799
4529;110.0;246;799
4530;100.0;250;799
4531;100.0;244;799
4532;100.0;1400;799
4533;100.0;237;799
4534;200.0;249;799
4535;80.0;52546;799
4541;100.0;1304;802
4542;60.0;82;802
4543;30.0;1159;802
4544;10.0;1175;802
4545;1.25;1328;802
4546;1.25;819;802
4547;100.0;1304;802
4548;60.0;82;802
4549;30.0;1159;802
4550;10.0;1175;802
4551;1.25;1328;802
4552;1.25;819;802
4553;100;204;804
4554;110.0;52547;804
4555;60.0;908;804
4556;100;204;804
4557;110.0;52547;804
4558;60.0;908;804
4559;70.0;129;805
4560;50.0;250;805
4561;50.0;246;805
4562;50.0;244;805
4563;15.0;525;805
4564;15.0;4869;805
4565;-1;777;805
4566;70.0;129;805
4567;50.0;250;805
4568;50.0;246;805
4569;50.0;244;805
4570;15.0;525;805
4571;15.0;4869;805
4572;-1;777;805
4575;100.0;82;807
4576;30.0;268;807
4577;40.0;244;807
4578;15.0;4869;807
4579;15.0;525;807
4580;100.0;82;807
4581;30.0;268;807
4582;40.0;244;807
4583;15.0;4869;807
4584;15.0;525;807
4590;150.0;250;814
4591;150.0;886;814
4592;130.0;268;814
4593;150.0;250;814
4594;150.0;886;814
4595;130.0;268;814
4596;100;204;815
4597;200.0;52537;815
4598;250.0;225;815
4599;100;204;815
4600;200.0;52537;815
4601;250.0;225;815
4604;140.0;165;820
4605;100.0;212;820
4606;30.0;268;820
4607;-1;1266;820
4608;45.0;525;820
4609;15.0;1333;820
4610;10.0;1566;820
4611;5.0;210;820
4612;-1;1230;820
4613;140.0;165;820
4614;100.0;212;820
4615;30.0;268;820
4616;-1;1266;820
4617;45.0;525;820
4618;15.0;1333;820
4619;10.0;1566;820
4620;5.0;210;820
4621;-1;1230;820
4622;140.0;129;823
4623;100;203;823
4624;100;195;823
4625;50.0;52546;823
4626;100;6424;823
4627;22.5;4869;823
4628;45.0;52542;823
4629;100;268;823
4630;0;4450;823
4631;140.0;129;823
4632;100;203;823
4633;100;195;823
4634;50.0;52546;823
4635;100;6424;823
4636;22.5;4869;823
4637;45.0;52542;823
4638;100;268;823
4639;0;4450;823
4645;150.0;225;830
4646;100;207;830
4647;25.0;1752;830
4648;7.5;4450;830
4649;15.0;1333;830
4650;5.0;4869;830
4651;22.5;525;830
4652;-1;784;830
4653;150.0;225;830
4654;100;207;830
4655;25.0;1752;830
4656;7.5;4450;830
4657;15.0;1333;830
4658;5.0;4869;830
4659;22.5;525;830
4660;-1;784;830
4665;150.0;225;836
4666;150.0;222;836
4667;50.0;266;836
4668;-1;1565;836
4669;30.0;525;836
4670;15.0;833;836
4671;150.0;225;836
4672;150.0;222;836
4673;50.0;266;836
4674;-1;1565;836
4675;30.0;525;836
4676;15.0;833;836
4677;150.0;225;841
4678;100.0;1015;841
4679;50.0;1031;841
4680;10.0;4450;841
4681;30.0;525;841
4682;15.0;833;841
4683;15.0;4869;841
4684;15.0;1179;841
4685;150.0;225;841
4686;100.0;1015;841
4687;50.0;1031;841
4688;10.0;4450;841
4689;30.0;525;841
4690;15.0;833;841
4691;15.0;4869;841
4692;15.0;1179;841
4693;50.0;246;847
4694;50.0;250;847
4695;50.0;244;847
4696;50.0;268;847
4697;-1;814;847
4698;50.0;246;847
4699;50.0;250;847
4700;50.0;244;847
4701;50.0;268;847
4702;-1;814;847
4703;200.0;212;864
4704;100;1042;864
4705;100;204;864
4706;15.0;4869;864
4707;-1;1455;864
4708;200.0;212;864
4709;100;1042;864
4710;100;204;864
4711;15.0;4869;864
4712;-1;1455;864
4723;280.0;129;868
4724;100.0;250;868
4725;100.0;244;868
4726;45.0;4869;868
4727;45.0;1175;868
4728;30.0;52544;868
4729;2.5;1455;868
4730;-1;1333;868
4731;-1;783;868
4732;-1;1266;868
4733;280.0;129;868
4734;100.0;250;868
4735;100.0;244;868
4736;45.0;4869;868
4737;45.0;1175;868
4738;30.0;52544;868
4739;2.5;1455;868
4740;-1;1333;868
4741;-1;783;868
4742;-1;1266;868
4744;100;130;872
4745;300.0;212;872
4746;100.0;268;872
4747;50.0;52546;872
4748;50.0;200;872
4749;100;130;872
4750;300.0;212;872
4751;100.0;268;872
4752;50.0;52546;872
4753;50.0;200;872
4759;200.0;200;879
4760;100;268;879
4761;5.0;777;879
4762;45.0;4869;879
4763;200.0;200;879
4764;100;268;879
4765;5.0;777;879
4766;45.0;4869;879
4774;100;204;885
4775;150.0;4869;885
4776;120.0;4450;885
4777;100;204;885
4778;150.0;4869;885
4779;120.0;4450;885
4780;100;130;886
4781;50.0;250;886
4782;50.0;244;886
4783;50.0;249;886
4784;50.0;4470;886
4785;50.0;268;886
4786;15.0;4869;886
4787;7.5;1333;886
4788;100;130;886
4789;50.0;250;886
4790;50.0;244;886
4791;50.0;249;886
4792;50.0;4470;886
4793;50.0;268;886
4794;15.0;4869;886
4795;7.5;1333;886
4796;100;250;887
4797;100;268;887
4798;100.0;886;887
4799;100;250;887
4800;100;268;887
4801;100.0;886;887
4802;150.0;248;888
4803;150.0;246;888
4804;150.0;268;888
4805;-1;814;888
4806;15.0;4869;888
4807;150.0;796;888
4808;150.0;248;888
4809;150.0;246;888
4810;150.0;268;888
4811;-1;814;888
4812;15.0;4869;888
4813;150.0;796;888
4833;500.0;1740;899
4834;100.0;52546;899
4835;-1;1269;899
4836;50.0;525;899
4837;500.0;1740;899
4838;100.0;52546;899
4839;-1;1269;899
4840;50.0;525;899
4841;100;130;900
4842;70.0;129;900
4843;5.0;268;900
4844;300.0;229;900
4845;300.0;230;900
4846;100;250;900
4847;30.0;244;900
4848;500.0;52542;900
4849;-1;1266;900
4850;100;130;900
4851;70.0;129;900
4852;5.0;268;900
4853;300.0;229;900
4854;300.0;230;900
4855;100;250;900
4856;30.0;244;900
4857;500.0;52542;900
4858;-1;1266;900
4859;100.0;200;901
4860;1200.0;165;901
4861;25.0;3149;901
4862;50.0;268;901
4863;15.0;6230;901
4864;100.0;200;901
4865;1200.0;165;901
4866;25.0;3149;901
4867;50.0;268;901
4868;15.0;6230;901
4881;100;204;908
4882;15.0;52544;908
4883;-1;4853;908
4884;-1;1266;908
4885;100;204;908
4886;15.0;52544;908
4887;-1;4853;908
4888;-1;1266;908
4889;100;204;909
4890;110.0;52547;909
4891;55.0;1369;909
4892;5.0;52544;909
4893;100;204;909
4894;110.0;52547;909
4895;55.0;1369;909
4896;5.0;52544;909
4897;900.0;3149;910
4898;900.0;3149;910
4926;550.0;52537;915
4927;165.0;52547;915
4928;52.5;1369;915
4929;200.0;1175;915
4930;120.0;3149;915
4931;20.0;1219;915
4932;550.0;52537;915
4933;165.0;52547;915
4934;52.5;1369;915
4935;200.0;1175;915
4936;120.0;3149;915
4937;20.0;1219;915
4943;50.0;4680;917
4944;5.0;52544;917
4945;2.5;1266;917
4946;7.5;1175;917
4947;15.0;1333;917
4948;200.0;1304;917
4949;50.0;4680;917
4950;5.0;52544;917
4951;2.5;1266;917
4952;7.5;1175;917
4953;15.0;1333;917
4954;200.0;1304;917
4959;400.0;212;920
4960;170.0;1369;920
4961;150.0;1175;920
4962;165.0;52547;920
4963;-1;1266;920
4964;400.0;212;920
4965;170.0;1369;920
4966;150.0;1175;920
4967;165.0;52547;920
4968;-1;1266;920
4969;100.0;784;921
4970;15.0;4869;921
4971;50.0;52544;921
4972;5.0;6428;921
4973;100.0;784;921
4974;15.0;4869;921
4975;50.0;52544;921
4976;5.0;6428;921
4998;1000.0;137;924
4999;150.0;129;924
5000;15.0;1266;924
5001;1000.0;137;924
5002;150.0;129;924
5003;15.0;1266;924
5004;1500.0;137;926
5005;400.0;129;926
5006;30.0;1175;926
5007;22.5;1266;926
5008;22.5;52538;926
5009;1000.0;1304;926
5010;1500.0;137;926
5011;400.0;129;926
5012;30.0;1175;926
5013;22.5;1266;926
5014;22.5;52538;926
5015;1000.0;1304;926
5016;500.0;52543;927
5017;70.0;129;927
5018;500.0;131;927
5019;100.0;133;927
5020;50.0;52544;927
5021;-1;1269;927
5022;500.0;52543;927
5023;70.0;129;927
5024;500.0;131;927
5025;100.0;133;927
5026;50.0;52544;927
5027;-1;1269;927
5034;210.0;808;930
5035;200.0;52546;930
5036;250.0;4869;930
5037;210.0;808;930
5038;200.0;52546;930
5039;250.0;4869;930
5043;500.0;826;932
5044;500.0;1304;932
5045;15.0;1266;932
5046;15.0;1175;932
5047;15.0;52537;932
5048;500.0;826;932
5049;500.0;1304;932
5050;15.0;1266;932
5051;15.0;1175;932
5052;15.0;52537;932
5053;240.0;3149;934
5054;240.0;3149;934
5055;150.0;3144;936
5056;55.0;52547;936
5057;5.0;4680;936
5058;15.0;1333;936
5059;1.6500000000000001;1175;936
5060;2.5;1266;936
5061;150.0;3144;936
5062;55.0;52547;936
5063;5.0;4680;936
5064;15.0;1333;936
5065;1.6500000000000001;1175;936
5066;2.5;1266;936
5109;100;130;942
5110;100;130;942
5117;500.0;137;946
5118;100.0;129;946
5119;1000.0;1304;946
5120;15.0;1175;946
5121;30.0;1266;946
5122;500.0;137;946
5123;100.0;129;946
5124;1000.0;1304;946
5125;15.0;1175;946
5126;30.0;1266;946
5127;40.0;980;947
5128;200.0;761;947
5129;-1;819;947
5130;3.0;1328;947
5131;1.0;1326;947
5132;1.0;1179;947
5133;40.0;980;947
5134;200.0;761;947
5135;-1;819;947
5136;3.0;1328;947
5137;1.0;1326;947
5138;1.0;1179;947
5163;1000.0;52543;950
5164;150.0;52537;950
5165;150.0;52544;950
5166;65.0;1175;950
5167;20.0;6428;950
5168;20.0;4852;950
5169;3.0;778;950
5170;60.0;6230;950
5171;15.0;1266;950
5172;1000.0;52543;950
5173;150.0;52537;950
5174;150.0;52544;950
5175;65.0;1175;950
5176;20.0;6428;950
5177;20.0;4852;950
5178;3.0;778;950
5179;60.0;6230;950
5180;15.0;1266;950
5181;400.0;137;951
5182;110.0;52547;951
5183;20.0;3149;951
5184;-1;1266;951
5185;400.0;137;951
5186;110.0;52547;951
5187;20.0;3149;951
5188;-1;1266;951
5217;1000.0;137;957
5218;500.0;52543;957
5219;300.0;129;957
5220;15.0;6428;957
5221;120.0;1175;957
5222;22.5;1266;957
5223;100.0;52544;957
5224;120.0;52538;957
5225;250.0;1304;957
5226;1000.0;137;957
5227;500.0;52543;957
5228;300.0;129;957
5229;15.0;6428;957
5230;120.0;1175;957
5231;22.5;1266;957
5232;100.0;52544;957
5233;120.0;52538;957
5234;250.0;1304;957
5260;1000.0;1304;960
5261;15.0;1280;960
5262;30.0;1175;960
5263;20.0;1266;960
5264;9.0;778;960
5265;12.0;4852;960
5266;15.0;806;960
5267;-1;777;960
5268;1000.0;1304;960
5269;15.0;1280;960
5270;30.0;1175;960
5271;20.0;1266;960
5272;9.0;778;960
5273;12.0;4852;960
5274;15.0;806;960
5275;-1;777;960
5277;500.0;237;962
5278;500.0;1175;962
5279;500.0;237;962
5280;500.0;1175;962
5293;1000.0;868;965
5294;1000.0;1175;965
5295;1000.0;868;965
5296;1000.0;1175;965
5297;125.0;915;966
5298;375.0;1304;966
5299;60.0;52544;966
5300;30.0;1333;966
5301;30.0;1447;966
5302;5.0;1266;966
5303;5.0;1175;966
5304;125.0;915;966
5305;375.0;1304;966
5306;60.0;52544;966
5307;30.0;1333;966
5308;30.0;1447;966
5309;5.0;1266;966
5310;5.0;1175;966
5316;10000.0;137;970
5317;1000.0;129;970
5318;45.0;6369;970
5319;150.0;1268;970
5320;10000.0;137;970
5321;1000.0;129;970
5322;45.0;6369;970
5323;150.0;1268;970
5335;400.0;52537;974
5336;15.0;1433;974
5337;30.0;1175;974
5338;110.0;52547;974
5339;100.0;52544;974
5340;700.0;1369;974
5341;1.0;1266;974
5342;400.0;52537;974
5343;15.0;1433;974
5344;30.0;1175;974
5345;110.0;52547;974
5346;100.0;52544;974
5347;700.0;1369;974
5348;1.0;1266;974
5349;1000.0;212;975
5350;50.0;1175;975
5351;1500.0;1304;975
5352;1000.0;212;975
5353;50.0;1175;975
5354;1500.0;1304;975